{"cameraMode":{"drawMode":0,"name":"Shaded","section":"Shading Mode"},"sceneLighting":true,"audioPlay":false,"sceneViewState":{"m_AlwaysRefresh":false,"showFog":true,"showSkybox":true,"showFlares":true,"showImageEffects":true,"showParticleSystems":true,"showVisualEffectGraphs":true,"m_FxEnabled":true},"in2DMode":false,"pivot":{"x":0.39189884066581728,"y":7.807537078857422,"z":-2.289210081100464},"rotation":{"x":-0.40185415744781496,"y":0.05406487360596657,"z":-0.02377634309232235,"w":-0.9137939810752869},"size":4.706252574920654,"orthographic":false}